titulo,tipo_pi,centro/unidade,grande_area_conhecimento,area_conhecimento
"FARMASYNC: Gestão Web em consultas farmacêuticas","Registro de Software","CENTRO DE CIÊNCIAS BIOLÓGICAS E DA SAÚDE","Ciências da Saúde","Análise e Controle de Medicamentos"
"FILMES POLIMÉRICOS A BASE DE AMIDO DO CAROÇO DE ABACATE CONTENDO OU NÃO QUITOSANA E CONTENDO OU NÃO EXTRATO DE SEMENTES DE MANGABA FERMENTADA, PROCESSO E PRODUTO","Patente","CENTRO DE CIÊNCIAS EXATAS E TECNOLOGIA","Ciências Agrárias","Aproveitamento de Subprodutos"
"EQUIPAMENTO PARA DEPOSIÇÃO DE FILMES VIA ROTA DE PIRÓLISE POR PULVERIZAÇÃO","Patente","CENTRO DE CIÊNCIAS EXATAS E TECNOLOGIA","Ciências Exatas e da Terra","Superfícies e Interfaces; Películas e Filamentos"
"Composição farmacêutica microemulsionante contendo o óleo essencial de Cymbopogon","Patente","CENTRO DE CIÊNCIAS BIOLÓGICAS E DA SAÚDE","Ciências da Saúde","Farmacotecnia"
"OXIAPP","Registro de Software","CENTRO DE CIÊNCIAS BIOLÓGICAS E DA SAÚDE","Ciências da Saúde","Fisioterapia e Terapia Ocupacional"
"ARCHCE","Registro de Software","CENTRO DE CIÊNCIAS EXATAS E TECNOLOGIA","Ciências Exatas e da Terra","Engenharia de Software"
"Petri Saúde","Marca","CENTRO DE CIÊNCIAS EXATAS E TECNOLOGIA","Ciências da Saúde","Medicina"
"SEI Peixe - Sistema Embarcado Integrado e de baixo custo para controle de aquicultura","Registro de Software","CENTRO DE CIÊNCIAS EXATAS E TECNOLOGIA","Ciências Exatas e da Terra","Software Básico"
"DESENVOLVIMENTO E AVALIAÇÃO DE QUEIJO TIPO COALHO COM COBERTURAS COMESTÍVEIS ADICIONADAS DE EXTRATOS DE RESÍDUOS DE JAMELÃO","Patente","CENTRO DE CIÊNCIAS EXATAS E TECNOLOGIA","Ciências Agrárias","Tecnologia de Alimentos"
"QUEIJO DE COALHO ADICIONADO DO PÓ OBTIDO DO FRUTO DO ARAÇÁ (Psidium cattleianum)","Patente","CENTRO DE CIÊNCIAS EXATAS E TECNOLOGIA","Ciências Agrárias","Tecnologia de Produtos de Origem Animal"
"LIPOSSOMAS CONTENDO O SESQUITERPENO NEROLIDOL PARA O  TRATAMENTO DA HIPERTENSÃO ARTERIAL","Patente","CAMPUS DE LAGARTO","Ciências Biológicas","Farmacologia Cardiorenal"
"DISPOSIÇÃO CONSTRUTIVA EM SISTEMA MECÂNICO PARA COLETA DE AMOSTRAS INDEFORMADAS DE SOLO COM MÉTODO DE PRESERVAÇÃO ESTRUTURAL PARA ANÁLISES FÍSICAS","Patente","CENTRO DE CIÊNCIAS AGRÁRIAS APLICADAS","Ciências Agrárias","Física do Solo"
"PAVIMENTO SEMIRRÍGIDO COM SISTEMA ANTITRINCAMENTO PARA VIAS DE TRÁFEGO PESADO","Patente","CENTRO DE CIÊNCIAS EXATAS E TECNOLOGIA","Engenharias","Pavimentos"
"E-HEALTH - Detecção de Queda","Registro de Software","CENTRO DE CIÊNCIAS EXATAS E TECNOLOGIA","Ciências Exatas e da Terra","Sistemas de Informação"
"FORMULAÇÃO FARMACÊUTICA CONTENDO FLAVONOL PARA REPARAÇÃO TECIDUAL","Patente","CAMPUS DE LAGARTO","Ciências Biológicas","Farmacologia"
"GEL COM RUTINA PARA APLICAÇÃO DE ULTRASSOM TERAPÊUTICO","Patente","CENTRO DE CIÊNCIAS BIOLÓGICAS E DA SAÚDE","Ciências da Saúde","Fisioterapia e Terapia Ocupacional"
"COMPOSIÇÃO COSMÉTICA PARA OBTENÇÃO DE MÁSCARA FACIAL NANOESTRUTURADA","Patente","CENTRO DE CIÊNCIAS BIOLÓGICAS E DA SAÚDE","Ciências da Saúde","Farmacotecnia"
"PLATAFORMA DE ORÇAMENTO PARTICIPATIVO DIGITAL DECIDE BRASIL  APLICATIVO MÓVEL DECIDE BRASIL CIDADÃO","Registro de Software","CENTRO DE CIÊNCIAS EXATAS E TECNOLOGIA","Ciências Exatas e da Terra","Software Básico"
"Sudopad","Marca","CENTRO DE CIÊNCIAS BIOLÓGICAS E DA SAÚDE","Ciências da Saúde","Neurologia"
"Wonder Little Mess","Desenho Industrial","CENTRO DE CIÊNCIAS EXATAS E TECNOLOGIA","Ciências Exatas e da Terra","Ciência da Computação"
"PLATAFORMA DE ORÇAMENTO PARTICIPATIVO DIGITAL DECIDE BRASIL  SISTEMA ADMINISTRATIVO WEB DECIDE BRASIL MANAGER","Registro de Software","CENTRO DE CIÊNCIAS EXATAS E TECNOLOGIA","Ciências Exatas e da Terra","Software Básico"
"ARCHCONCEPT","Registro de Software","CENTRO DE CIÊNCIAS EXATAS E TECNOLOGIA","Ciências Exatas e da Terra","Engenharia de Software"
"OQGastei  Descubra seus Gastos","Registro de Software","CENTRO DE CIÊNCIAS EXATAS E TECNOLOGIA","Ciências Exatas e da Terra","Teleinformática"
"EcoDiet sistema de análise de nutrientes e de emissão de gás carbônico da dieta","Registro de Software","CENTRO DE CIÊNCIAS EXATAS E TECNOLOGIA","Ciências Exatas e da Terra","Teleinformática"
"Project Runners","Registro de Software","CENTRO DE CIÊNCIAS EXATAS E TECNOLOGIA","Ciências Exatas e da Terra","Software Básico"
"SIDHUF","Registro de Software","CENTRO DE CIÊNCIAS EXATAS E TECNOLOGIA","Ciências Exatas e da Terra","Sistemas de Informação"
"OncocareSystem","Registro de Software","CENTRO DE CIÊNCIAS EXATAS E TECNOLOGIA","Ciências Exatas e da Terra","Software Básico"
"A Lenda do Quinto Sol","Registro de Software","CENTRO DE CIÊNCIAS EXATAS E TECNOLOGIA","Ciências Exatas e da Terra","Engenharia de Software"
"Cozinha Virtual V2","Registro de Software","CENTRO DE CIÊNCIAS EXATAS E TECNOLOGIA","Ciências Exatas e da Terra","Sistemas de Computação"
"Portal Legislativo Ambiental  LegisAmb","Registro de Software","CENTRO DE CIÊNCIAS EXATAS E TECNOLOGIA","Ciências Exatas e da Terra","Ciência da Computação"
"IdosoFit","Registro de Software","CENTRO DE CIÊNCIAS EXATAS E TECNOLOGIA","Ciências Exatas e da Terra","Sistemas de Informação"
"json2data v2.0.0","Registro de Software","CENTRO DE CIÊNCIAS EXATAS E TECNOLOGIA","Ciências Exatas e da Terra","Sistemas de Informação"
"SAUCE v1.0.0","Registro de Software","CENTRO DE CIÊNCIAS EXATAS E TECNOLOGIA","Ciências Exatas e da Terra","Sistemas de Informação"
"quizez v2.0.0","Registro de Software","CENTRO DE CIÊNCIAS EXATAS E TECNOLOGIA","Ciências Exatas e da Terra","Sistemas de Informação"
"Produto farmacêutico antibacteriano","Patente","CENTRO DE CIÊNCIAS BIOLÓGICAS E DA SAÚDE","Ciências da Saúde","Farmácia"
"Solaris Mapper","Registro de Software","CENTRO DE CIÊNCIAS EXATAS E TECNOLOGIA","Engenharias","Geração da Energia Elétrica"
"DIMENSIONAMENTO DE REATOR DE MANTA DE LODO COM FLUXO ASCENDENTE (UASB) PARA ESGOTOS DOMÉSTICOS","Registro de Software","CENTRO DE CIÊNCIAS EXATAS E TECNOLOGIA","Engenharias","Saneamento Básico"
"MinhaAju - CrimesAmbientais","Registro de Software","CENTRO DE CIÊNCIAS EXATAS E TECNOLOGIA","Ciências Exatas e da Terra","Ciência da Computação"
"VIDRO BORO, ALUMÍNIO, MAGNÉSIO E LÍTIO COM DOPAGEM OPCIONAL DE CÉRIO E RESPECTIVO PROCESSO DE OBTENÇÃO","Patente","CENTRO DE CIÊNCIAS EXATAS E TECNOLOGIA","Ciências Exatas e da Terra","Física da Matéria Condensada"
"Batom com corante de resíduo de semente de urucum e  subproduto de manteiga clarificada, adicionado de óleo de Jatropha curcas","Patente","CENTRO DE CIÊNCIAS EXATAS E TECNOLOGIA","Ciências Agrárias","Aproveitamento de Subprodutos"
"MICROCÁPSULAS DO CORANTE AZUL DE JENIPAPO (GENIPA AMERICANA L.) PELA TÉCNICA DE SPRAY DRYER","Patente","CENTRO DE CIÊNCIAS EXATAS E TECNOLOGIA","Ciências Agrárias","Tecnologia de Produtos de Origem Vegetal"
"GEOTEXTIL TECIDO TIPO GEOGRID CONFECCIONADO COM FIBRAS DE JUNCO (Eleocharis sp.) PARA RESISTÊNCIA À EROSÃO DO SOLO E PROMOÇÃO DO CRESCIMENTO VEGETAL","Patente","CENTRO DE CIÊNCIAS AGRÁRIAS APLICADAS","Ciências Agrárias","Manejo e Conservação do Solo"
"Nutri Consulta Max","Registro de Software","CENTRO DE CIÊNCIAS EXATAS E TECNOLOGIA","Ciências da Saúde","Análise Nutricional de População"
"BARRA DE CEREAL ENRIQUECIDA COM A FARINHA DO BAGAÇO DO MALTE DE CEVADA OBTIDO DE CERVEJARIAS","Patente","CENTRO DE CIÊNCIAS EXATAS E TECNOLOGIA","Ciências Agrárias","Aproveitamento de Subprodutos"
"Coolclear","Marca","CENTRO DE CIÊNCIAS BIOLÓGICAS E DA SAÚDE","Ciências da Saúde","Fonoaudiologia"
"SOLUÇÃO HIDROALCÓOLICA DE PRÓPOLIS VERMELHA PARA PREVENÇÃO DE INFECÇÕES PERIODONTAIS DA CAVIDADE BUCAL DE CÃES","Patente","CENTRO DE CIÊNCIAS BIOLÓGICAS E DA SAÚDE","Ciências Biológicas","Biologia Geral"
"Jogo Sério Aritmetix","Registro de Software","CENTRO DE CIÊNCIAS EXATAS E TECNOLOGIA","Ciências Exatas e da Terra","Ciência da Computação"
"Jogo Animal - Quiz Educacional","Registro de Software","CENTRO DE CIÊNCIAS EXATAS E TECNOLOGIA","Ciências Exatas e da Terra","Ciência da Computação"
"PROCESSO DE OBTENÇÃO DO EXTRATO SECO DE Hyptis pectinata (L.) Kunt. E DESENVOLVIMENTO DE ESPONJA PARA A CICATRIZAÇÃO DE FERIDAS","Patente","CENTRO DE CIÊNCIAS BIOLÓGICAS E DA SAÚDE","Ciências da Saúde","Farmacognosia"
"Sistemas Hermes - Gerenciador de Medicamentos","Registro de Software","CENTRO DE CIÊNCIAS EXATAS E TECNOLOGIA","Ciências Exatas e da Terra","Sistemas de Computação"
"OxyApp","Marca","CENTRO DE CIÊNCIAS BIOLÓGICAS E DA SAÚDE","Ciências da Saúde","Saúde Coletiva"
"USO ASSOCIADO DE RESÍDUOS DE MILHO E ABACAXI PARA OBTENÇÃO DE BIOSSURFACTANTE","Patente","CENTRO DE CIÊNCIAS EXATAS E TECNOLOGIA","Engenharias","Engenharia Química"
"Método de aquisição e tratamento de dados de rede de sensores sem fio identificados por diferença de potencial com múltiplo monitoramento remoto","Patente","CENTRO DE CIÊNCIAS EXATAS E TECNOLOGIA","Ciências Exatas e da Terra","Metrologia, Técnicas Gerais de Laboratório, Sistema de Instrumentação"
"MÉTODO DE AQUISIÇÃO DE IMAGENS TERMOGRÁFICAS EM DISPOSITIVOS FOTOVOLTAICOS","Patente","CENTRO DE CIÊNCIAS EXATAS E TECNOLOGIA","Engenharias","Aproveitamento da Energia"
"Caixa Reciclável para armazenamento de canetas de insulina feita em Impressora 3D: INSULINBOX","Patente","CENTRO DE CIÊNCIAS BIOLÓGICAS E DA SAÚDE","Ciências Biológicas","Proteínas"
"FILME BIODEGRADÁVEL CONTENDO EXTRATO BIOATIVO DA ROMÃ (Punica granatum L.) PARA CONSERVAÇÃO DE CARNE DE FRANGO","Patente","CENTRO DE CIÊNCIAS EXATAS E TECNOLOGIA","Ciências Agrárias","Aproveitamento de Subprodutos"
"Batom semi-sólido de composição e pigmentação natural, 100% vegano","Patente","CAMPUS PROFESSOR ALBERTO CARVALHO","Ciências Exatas e da Terra","Físico-Química"
"PHANTOM-TELLES: SISTEMA DE MEDIDAS PONTO A PONTO PARA PROCEDIMENTOS DOSIMÉTRICOS EM RADIOTERAPIA","Patente","CENTRO DE CIÊNCIAS EXATAS E TECNOLOGIA","Ciências Exatas e da Terra","Física Nuclear"
"Kheiron: Uma aplicação web para acompanhamento pedagógico focado em treinamentos de programação competitiva","Registro de Software","CENTRO DE CIÊNCIAS EXATAS E TECNOLOGIA","Ciências Exatas e da Terra","Sistemas de Informação"
"SIGES","Registro de Software","CENTRO DE CIÊNCIAS EXATAS E TECNOLOGIA","Ciências da Saúde","Nutrição"
"Avalcheck","Registro de Software","CENTRO DE CIÊNCIAS EXATAS E TECNOLOGIA","Outra","Tecnologia e Inovação"
"Avalcheck","Marca","CENTRO DE CIÊNCIAS EXATAS E TECNOLOGIA","Outra","Tecnologia e Inovação"
"SILH - Sistema de Informação de Lesão Hospitalar","Marca","CENTRO DE CIÊNCIAS EXATAS E TECNOLOGIA","Ciências da Saúde","Enfermagem"
"HORA DIVINA","Registro de Software","CENTRO DE CIÊNCIAS EXATAS E TECNOLOGIA","Ciências Exatas e da Terra","Software Básico"
"Bala de gelatina adicionada de microcápsulas naturais azuis","Patente","CENTRO DE CIÊNCIAS EXATAS E TECNOLOGIA","Ciências Agrárias","Tecnologia de Produtos de Origem Vegetal"
"APP ANCORA: ANÁLISE, CONTROLE E RASTREAMENTO DE DIABETES","Registro de Software","CENTRO DE CIÊNCIAS BIOLÓGICAS E DA SAÚDE","Ciências da Saúde","Medicina Preventiva"
"App Cozinha Virtual","Registro de Software","CENTRO DE CIÊNCIAS EXATAS E TECNOLOGIA","Ciências Exatas e da Terra","Sistemas de Computação"
"Inoxidata","Registro de Software","CENTRO DE CIÊNCIAS EXATAS E TECNOLOGIA","Engenharias","Fundamentos Gerais de Projetos das Máquinas"
"MICROCÁPSULAS DO CORANTE AZUL DE JENIPAPO (GENIPA AMERICANA L.) PELA TÉCNICA DE LIOFILIZAÇÃO","Patente","CENTRO DE CIÊNCIAS EXATAS E TECNOLOGIA","Ciências Agrárias","Tecnologia de Produtos de Origem Vegetal"
"MICROCÁPSULAS DO CORANTE AZUL DE JENIPAPO (GENIPA AMERICANA L.) PELA TÉCNICA DE GELIFICAÇÃO IÔNICA","Patente","CENTRO DE CIÊNCIAS EXATAS E TECNOLOGIA","Ciências Agrárias","Tecnologia de Produtos de Origem Vegetal"
"Agitte.se","Marca","CENTRO DE CIÊNCIAS EXATAS E TECNOLOGIA","Outra","Tecnologia e Inovação"
"SIGAAbot v1.0.0","Registro de Software","CENTRO DE CIÊNCIAS EXATAS E TECNOLOGIA","Ciências Exatas e da Terra","Sistemas de Informação"
"data2xls v1.0.0","Registro de Software","CENTRO DE CIÊNCIAS EXATAS E TECNOLOGIA","Ciências Exatas e da Terra","Sistemas de Informação"
"SAUCE","Marca","CENTRO DE CIÊNCIAS EXATAS E TECNOLOGIA","Ciências Exatas e da Terra","Sistemas de Informação"
"FOCAL","Registro de Software","CENTRO DE CIÊNCIAS EXATAS E TECNOLOGIA","Ciências Exatas e da Terra","Métodos Experimentais e Instrumentação para Partículas Elementares e Física Nuclear"
"Telles","Marca","CENTRO DE CIÊNCIAS EXATAS E TECNOLOGIA","Ciências Exatas e da Terra","Métodos Experimentais e Instrumentação para Partículas Elementares e Física Nuclear"
"SISGIP  SISTEMA DE GESTÃO INTEGRADA DE PROJETOS - ENGENHARIA DE REQUISITOS","Registro de Software","CENTRO DE CIÊNCIAS EXATAS E TECNOLOGIA","Ciências Exatas e da Terra","Software Básico"
"SISGIP  SISTEMA DE GESTÃO INTEGRADA DE PROJETOS","Registro de Software","CENTRO DE CIÊNCIAS EXATAS E TECNOLOGIA","Ciências Exatas e da Terra","Software Básico"
"OnColo - Saúde da Mulher, Inteligente e Humanizada","Registro de Software","CENTRO DE CIÊNCIAS EXATAS E TECNOLOGIA","Ciências Exatas e da Terra","Software Básico"
"Gradway Alumni - Portal Institucional de Egressos","Registro de Software","CENTRO DE CIÊNCIAS EXATAS E TECNOLOGIA","Ciências Exatas e da Terra","Software Básico"
"Sistema para Medição Desagregada, Não-invasiva e em Tempo Real de Cargas Elétricas","Patente","CENTRO DE CIÊNCIAS EXATAS E TECNOLOGIA","Ciências Exatas e da Terra","Arquitetura de Sistemas de Computação"
"BEBIDA ISOTÔNICA SABOR TUTTI-FRUTTI COLORIDA COM CORANTE AZUL DE JENIPAPO","Patente","CENTRO DE CIÊNCIAS EXATAS E TECNOLOGIA","Ciências Agrárias","Tecnologia das Bebidas"
"A Ponte das Emoções","Marca","CENTRO DE EDUCAÇÃO E CIÊNCIAS HUMANAS","Ciências Sociais Aplicadas","Programação Visual"
"Formulação de batom utilizando resíduo de manteiga clarificada com beterraba","Patente","CENTRO DE CIÊNCIAS AGRÁRIAS APLICADAS","Ciências Agrárias","Ciência de Alimentos"
"Kheiron: Uma aplicação web para acompanhamento pedagógico focado em treinamentos de programação competitiva","Registro de Software","CENTRO DE CIÊNCIAS EXATAS E TECNOLOGIA","Ciências Exatas e da Terra","Sistemas de Informação"
"CONFIGURAÇÃO APLICADA A CLASSIFICADOR MANUAL DE SEMENTES E GRÃOS","Desenho Industrial","CENTRO DE CIÊNCIAS AGRÁRIAS APLICADAS","Ciências Agrárias","Armazenamento de Produtos Agrícolas"
"PROCESSO DE OBTENÇÃO DE FORMULAÇÃO FARMACÊUTICA COM ATIVIDADE CICATRIZANTE","Patente","CAMPUS DE LAGARTO","Ciências da Saúde","Anatomia Patológica e Patologia Clínica"
"APARELHO MICROENCAPSULADOR PRESSURIZADO PARA GELIFICAÇÃO IÔNICA","Patente","CENTRO DE CIÊNCIAS EXATAS E TECNOLOGIA","Ciências Agrárias","Tecnologia de Produtos de Origem Vegetal"
"SECTA","Registro de Software","CENTRO DE CIÊNCIAS AGRÁRIAS APLICADAS","Ciências Agrárias","Engenharia de Construções Rurais"
"Batom com resíduo de manteiga clarificada e corante natural concentrado de açafrão","Patente","CENTRO DE CIÊNCIAS AGRÁRIAS APLICADAS","Ciências Agrárias","Aproveitamento de Subprodutos"
"Corante natural alimentício azul microencapsulado proviniente de Clitoria ternatea L.","Patente","CENTRO DE CIÊNCIAS EXATAS E TECNOLOGIA","Ciências Agrárias","Química, Física, Fisico-Química e Bioquímica dos Alim. e das Mat-Primas Alimentares"
"AdminDEP  Módulo de Reserva de Salas","Registro de Software","CENTRO DE CIÊNCIAS EXATAS E TECNOLOGIA","Ciências Exatas e da Terra","Software Básico"
"Unidade de Difusão de Tecnologia e Inovação em Conservação do Solo e da Água - UDTI Conservação","Marca","CENTRO DE CIÊNCIAS AGRÁRIAS APLICADAS","Ciências Agrárias","Manejo e Conservação do Solo"
"json2data v1.0.0","Registro de Software","CENTRO DE CIÊNCIAS EXATAS E TECNOLOGIA","Ciências Exatas e da Terra","Sistemas de Informação"
"data2report v1.0.0","Registro de Software","CENTRO DE CIÊNCIAS EXATAS E TECNOLOGIA","Ciências Exatas e da Terra","Metodologia e Técnicas da Computação"
"Ortese Aberta para Lesões e Disfunção da perna e pé com ação vibratória e auxílio a imobilização","Patente","CENTRO DE CIÊNCIAS BIOLÓGICAS E DA SAÚDE","Ciências da Saúde","Fisioterapia e Terapia Ocupacional"
"Jogo Didático para uso de Boas Práticas no processo construtivo paredes de concreto moldadas in loco","Registro de Software","CENTRO DE CIÊNCIAS EXATAS E TECNOLOGIA","Engenharias","Processos Construtivos"
"PERMEÂMETRO DE CARGA CONSTANTE E DECRESCENTE PARA DETERMINAÇÃO DE CONDUTIVIDADE HIDRÁULICA EM SOLOS PARA MÚLTIPLAS AMOSTRAS","Patente","CENTRO DE CIÊNCIAS AGRÁRIAS APLICADAS","Ciências Agrárias","Física do Solo"
"FORMULAÇÃO DE MANTEIGA COM PEDAÇOS DE DAMASCO E UVAS PASSAS SECOS","Patente","CENTRO DE CIÊNCIAS EXATAS E TECNOLOGIA","Ciências Agrárias","Ciência e Tecnologia de Alimentos"
"GEOTEXTIL TECIDO TIPO GEOGRID CONFECCIONADO COM FIBRAS DE Typha domingensis COM ALTA RESISTÊNCIA À TRAÇÃO PARA CONTROLE DE EROSÃO","Patente","CENTRO DE CIÊNCIAS AGRÁRIAS APLICADAS","Ciências Agrárias","Manejo e Conservação do Solo"
"COMPLEXO DE INCLUSÃO CONTENDO NARINGINA E &#946;-CICLODEXTRINA NA PREVENÇÃO E TRATAMENTO DA LESÃO MÚSCULOESQUELÉTICA","Patente","CENTRO DE CIÊNCIAS BIOLÓGICAS E DA SAÚDE","Ciências da Saúde","Fisioterapia e Terapia Ocupacional"
"COMPOSIÇÃO COSMÉTICA OZONIZADA PARA GERENCIAMENTO DE HIPERCROMIAS NA PELE","Patente","CENTRO DE CIÊNCIAS BIOLÓGICAS E DA SAÚDE","Ciências da Saúde","Farmacotecnia"
"AgroFácil - Aplicativo para Gerenciar Pequenas e Médias Fazendas Agrícolas","Registro de Software","CENTRO DE CIÊNCIAS EXATAS E TECNOLOGIA","Ciências Exatas e da Terra","Software Básico"
"ManuChain: Registro de manutenções veiculares na blockchain","Registro de Software","CENTRO DE CIÊNCIAS EXATAS E TECNOLOGIA","Ciências Exatas e da Terra","Sistemas de Informação"
"KIT DE PÉS INSTRUMENTADOS PARA CAMAS HOSPITALARES","Modelo de Utilidade","CENTRO DE CIÊNCIAS EXATAS E TECNOLOGIA","Engenharias","Engenharia Biomédica"
"PROCESSO DE OBTENÇÃO E ENCAPSULAÇÃO DE EXTRATO OBTIDO DA CASCA DE UMBU, GENÓTIPO BGU 45, COM CÉLULAS PLASMOLISADA E NÃO-PLASMOLISADA DE SACCHAROMYCES CEREVISIAE","Patente","CENTRO DE CIÊNCIAS EXATAS E TECNOLOGIA","Ciências Agrárias","Aproveitamento de Subprodutos"
"+Marinha - Uma Plataforma para Disponibilização de Serviços da Marinha do Brasil.","Registro de Software","CAMPUS PROFESSOR ALBERTO CARVALHO","Ciências Exatas e da Terra","Software Básico"
"AGENDE-ME - UMA PLATAFORMA PARA AGENDAMENTO DE SERVIÇOS PÚBLICOS MUNICIPAIS","Registro de Software","CAMPUS PROFESSOR ALBERTO CARVALHO","Ciências Exatas e da Terra","Software Básico"
"FORMULAÇÃO FARMACÊUTICA CONTENDO NEROL E BETACICLODEXTRINA: MÉTODO DE OBTENÇÃO, CARACTERIZAÇÃO E EFEITO CARDIOPROTETOR NA LESÃO DE ISQUEMIA/REPERFUSÃO CARDÍACA","Patente","CENTRO DE CIÊNCIAS BIOLÓGICAS E DA SAÚDE","Ciências Biológicas","Farmacologia"
"BEBIDA LÁCTEA FERMENTADA PROBIÓTICA COM NÉCTAR DA CASCA DE UMBU  (Spondias tuberosa)","Patente","CENTRO DE CIÊNCIAS EXATAS E TECNOLOGIA","Ciências Agrárias","Tecnologia de Produtos de Origem Animal"
"MEDIDOR REMOTO DE ÍNDICES DE CONFORTO TÉRMICO EQUIPADO COM GLOBO NEGRO","Desenho Industrial","CENTRO DE CIÊNCIAS AGRÁRIAS APLICADAS","Ciências Agrárias","Engenharia de Construções Rurais"
"Agrigrãos","Marca","CENTRO DE CIÊNCIAS AGRÁRIAS APLICADAS","Ciências Agrárias","Armazenamento de Produtos Agrícolas"
"PERFILÔMETRO TRANSVERSAL PARA ESTRADAS COM SENSORES A LASER","Patente","CENTRO DE CIÊNCIAS EXATAS E TECNOLOGIA","Engenharias","Pavimentos"
"PetIndica v0.1","Registro de Software","CENTRO DE CIÊNCIAS EXATAS E TECNOLOGIA","Ciências Exatas e da Terra","Metodologia e Técnicas da Computação"
"FORMULAÇÃO FARMACÊUTICA DE LIBERAÇÃO TRANSDÉRMICA","Patente","CENTRO DE CIÊNCIAS BIOLÓGICAS E DA SAÚDE","Ciências da Saúde","Farmacotecnia"
"Prometeu  Panorama da Câmara","Registro de Software","CENTRO DE CIÊNCIAS EXATAS E TECNOLOGIA","Ciências Exatas e da Terra","Metodologia e Técnicas da Computação"
"Prometeu - Configuração do Congresso","Registro de Software","CENTRO DE CIÊNCIAS EXATAS E TECNOLOGIA","Ciências Exatas e da Terra","Metodologia e Técnicas da Computação"
"MMBGR - Lactentes e Pré-escolares - Ferramenta de Suporte à Aplicação do Protocolo (Fonoaudiologia)","Registro de Software","CENTRO DE CIÊNCIAS EXATAS E TECNOLOGIA","Ciências Exatas e da Terra","Software Básico"
"BEBIDA LÁCTEA FERMENTADA COM MILICAPSULAS DE RESÍDUO  AGROINDUSTRIAL DE UMBU (Spondias tuberosa)","Patente","CENTRO DE CIÊNCIAS EXATAS E TECNOLOGIA","Ciências Agrárias","Aproveitamento de Subprodutos"
"Solução de equilíbrio termodinâmico para gaseificação de biomassa  Gasific","Registro de Software","CENTRO DE CIÊNCIAS EXATAS E TECNOLOGIA","Engenharias","Engenharia Química"
"Domínio POC - DOM POC","Registro de Software","CENTRO DE CIÊNCIAS EXATAS E TECNOLOGIA","Ciências Exatas e da Terra","Teleinformática"
"SafeSign","Registro de Software","CENTRO DE CIÊNCIAS EXATAS E TECNOLOGIA","Ciências Exatas e da Terra","Engenharia de Software"
"Dispositivo Placebo Multimodalidade para Eletroestimulação","Patente","CENTRO DE CIÊNCIAS EXATAS E TECNOLOGIA","Engenharias","Engenharia Médica"
"Sistema Petri Saúde","Registro de Software","CENTRO DE CIÊNCIAS EXATAS E TECNOLOGIA","Ciências Exatas e da Terra","Sistemas de Computação"
"Sistema NConform","Registro de Software","CENTRO DE CIÊNCIAS EXATAS E TECNOLOGIA","Ciências Exatas e da Terra","Sistemas de Computação"
"Anotei","Registro de Software","CENTRO DE CIÊNCIAS EXATAS E TECNOLOGIA","Ciências Exatas e da Terra","Ciência da Computação"
"Recicla Atalaia","Marca","COLÉGIO DE APLICAÇÃO","Outra","Ciências Ambientais"
"Desenvolvimento de doce a partir do reaproveitamento de resíduos de frutos regionais.","Patente","CAMPUS DO SERTÃO","Ciências Agrárias","Aproveitamento de Subprodutos"
"EXTRATOS ANTIOXIDANTES E ANTIMICROBIANOS DE PARTES DO FRUTO DE Morinda citrifolia NOS ESTÁDIOS VERDE E MADURO","Patente","CENTRO DE CIÊNCIAS EXATAS E TECNOLOGIA","Ciências Agrárias","Ciência e Tecnologia de Alimentos"
"VetoresMT - Ovitrampa","Registro de Software","CENTRO DE CIÊNCIAS EXATAS E TECNOLOGIA","Ciências Exatas e da Terra","Software Básico"
"MANTEIGA DE GARRAFA ENRIQUECIDA COM MILICÁPSULAS DE TOMATE  DEFUMADO","Patente","CENTRO DE CIÊNCIAS EXATAS E TECNOLOGIA","Ciências Agrárias","Tecnologia de Produtos de Origem Vegetal"
"Bebida Probiótica a base de água de coco e fruta nativa","Patente","CENTRO DE CIÊNCIAS EXATAS E TECNOLOGIA","Ciências Agrárias","Tecnologia de Produtos de Origem Vegetal"
"PREPARAÇÃO FARMACÊUTICA CONTENDO FITOL","Patente","CENTRO DE CIÊNCIAS BIOLÓGICAS E DA SAÚDE","Ciências da Saúde","Farmacotecnia"
"PR-ET Mobile","Marca","CENTRO DE CIÊNCIAS EXATAS E TECNOLOGIA","Engenharias","Hidrologia"
"PR-ET Mobile","Registro de Software","CENTRO DE CIÊNCIAS EXATAS E TECNOLOGIA","Engenharias","Hidrologia"
"BIOMATERIAIS PARA CICATRIZAÇÃO DE FERIDAS","Patente","CENTRO DE CIÊNCIAS BIOLÓGICAS E DA SAÚDE","Ciências da Saúde","Farmácia"
"Hydrophobicity Cam","Registro de Software","CENTRO DE CIÊNCIAS EXATAS E TECNOLOGIA","Engenharias","Transmissão da Energia Elétrica, Distribuição da Energia Elétrica"
"Aedes aegypti Mapping Tool (AaMT)  Plataforma Mobile","Registro de Software","CENTRO DE CIÊNCIAS EXATAS E TECNOLOGIA","Ciências Exatas e da Terra","Software Básico"
"Aedes aegypti Mapping Tool (AaMT)  API","Registro de Software","CENTRO DE CIÊNCIAS EXATAS E TECNOLOGIA","Ciências Exatas e da Terra","Software Básico"
"Aedes aegypti Mapping Tool (AaMT)  Plataforma Web","Registro de Software","CENTRO DE CIÊNCIAS EXATAS E TECNOLOGIA","Ciências Exatas e da Terra","Software Básico"
"LVDTS: MÓDULO DE CALIBRAÇÃO DE LVDTS","Registro de Software","CENTRO DE CIÊNCIAS EXATAS E TECNOLOGIA","Engenharias","Pavimentos"
"CALIBRAFORCA: MÓDULO DE CALIBRAÇÃO DE FORÇA PARA PRENSAS PNEUMÁTICAS","Registro de Software","CENTRO DE CIÊNCIAS EXATAS E TECNOLOGIA","Engenharias","Pavimentos"
"IVPAV: MÓDULO DE ENSAIOS DE MATERIAIS PARA PAVIMENTO","Registro de Software","CENTRO DE CIÊNCIAS EXATAS E TECNOLOGIA","Engenharias","Pavimentos"
"SerTravel  Descubra Sergipe","Marca","CENTRO DE EDUCAÇÃO E CIÊNCIAS HUMANAS","Ciências Sociais Aplicadas","Turismo"
"MinhaAju: Vegetação","Registro de Software","CENTRO DE CIÊNCIAS EXATAS E TECNOLOGIA","Ciências Exatas e da Terra","Sistemas de Informação"
"E-NUTRITION","Registro de Software","CENTRO DE CIÊNCIAS BIOLÓGICAS E DA SAÚDE","Ciências da Saúde","Desnutrição e Desenvolvimento Fisiológico"
"Inovafon","Marca","CENTRO DE CIÊNCIAS BIOLÓGICAS E DA SAÚDE","Ciências da Saúde","Fonoaudiologia"
"Ser.X Sergipe Experience","Marca","CENTRO DE CIÊNCIAS EXATAS E TECNOLOGIA","Engenharias","Desenvolvimento de Produto"
"ADSORVENTE DE CROMO (VI) FORMADO PELA VAGEM DA LIBIDIBIA FERREA COM POSSÍVEL APLICAÇÃO EM TRATAMENTO DE EFLUENTES DE CURTUME","Patente","CENTRO DE CIÊNCIAS EXATAS E TECNOLOGIA","Engenharias","Operações de Separação e Mistura"
"Módulo controlador de cargas IoT para quadro de comandos","Patente","CENTRO DE CIÊNCIAS EXATAS E TECNOLOGIA","Engenharias","Automação Eletrônica de Processos Elétricos e Industriais"
"Pão sem glúten de alto valor proteico à base do mix de farinhas de arroz e feijão-caupi","Patente","CENTRO DE CIÊNCIAS EXATAS E TECNOLOGIA","Ciências Agrárias","Tecnologia de Alimentos Dietéticos e Nutricionais"
"Doe+","Registro de Software","CENTRO DE CIÊNCIAS EXATAS E TECNOLOGIA","Ciências Exatas e da Terra","Sistemas de Informação"
"eOrgânico","Registro de Software","CENTRO DE CIÊNCIAS EXATAS E TECNOLOGIA","Ciências Exatas e da Terra","Software Básico"
"FORNO RESISTIVO PARA REALIZAÇÃO DE MEDIDAS ELÉTRICAS","Patente","CENTRO DE CIÊNCIAS EXATAS E TECNOLOGIA","Ciências Exatas e da Terra","Materiais Dielétricos e Propriedades Dielétricas"
"Me Deixe Aplicação Single Page","Registro de Software","CAMPUS DO SERTÃO","Ciências Humanas","Antropologia"
"Me Deixe API","Registro de Software","CAMPUS DO SERTÃO","Ciências Exatas e da Terra","Ciência da Computação"
"Me Deixe Aplicação Web Administrativa","Registro de Software","CAMPUS DO SERTÃO","Ciências Exatas e da Terra","Ciência da Computação"
"Me Deixe Aplicativo Móvel","Registro de Software","CAMPUS DO SERTÃO","Ciências Exatas e da Terra","Ciência da Computação"
"DESENVOLVIMENTO DE UM MÉTODO DE OBTENÇÃO DE MEMBRANAS PARA MÁSCARAS DE OXIGÊNIO NÃO REINALANTE","Patente","CENTRO DE CIÊNCIAS EXATAS E TECNOLOGIA","Engenharias","Engenharia Elétrica"
"FORMULAÇÃO NANOESTRUTURADA HIDRATANTE E CLAREADORA CONTENDO ÓLEO ESSENCIAL DE CANELA","Patente","CENTRO DE CIÊNCIAS BIOLÓGICAS E DA SAÚDE","Ciências da Saúde","Farmacotecnia"
"Obtenção de microcápsulas de extrato de betalainas proveniente do fruto Opuntia ficus-indica","Patente","CENTRO DE CIÊNCIAS EXATAS E TECNOLOGIA","Ciências Agrárias","Tecnologia de Produtos de Origem Vegetal"
"Amamenta-SE","Registro de Software","CENTRO DE CIÊNCIAS BIOLÓGICAS E DA SAÚDE","Ciências da Saúde","Enfermagem Pediátrica"
"JKM Soluções em Dados","Registro de Software","CENTRO DE EDUCAÇÃO E CIÊNCIAS HUMANAS","Lingüística, Letras e Artes","Sociolingüística e Dialetologia"
"Simulador de Escoamento Multifásico","Registro de Software","CENTRO DE CIÊNCIAS EXATAS E TECNOLOGIA","Engenharias","Engenharia Química"
"Sistema intranasal mucoadesivo contendo ivermectina com ação antiviral","Patente","CENTRO DE CIÊNCIAS BIOLÓGICAS E DA SAÚDE","Ciências da Saúde","Farmacotecnia"
"COBERTURAS COMESTÍVEIS ANTIMICROBIANAS PARA CONSERVAÇÃO DE CARNE BOVINA FRESCA","Patente","CENTRO DE CIÊNCIAS EXATAS E TECNOLOGIA","Ciências Agrárias","Aproveitamento de Subprodutos"
"AVALchek","Registro de Software","CENTRO DE CIÊNCIAS EXATAS E TECNOLOGIA","Ciências Exatas e da Terra","Software Básico"
"ACERAM","Registro de Software","CENTRO DE CIÊNCIAS BIOLÓGICAS E DA SAÚDE","Ciências da Saúde","Análise e Controle de Medicamentos"
"PREPARAÇÃO FARMACÊUTICA CONTENDO EXTRATO AQUOSO DE HYPTIS PECTINATA PARA CICATRIZAÇÃO DE FERIDAS","Patente","CAMPUS DE LAGARTO","Ciências da Saúde","Medicina"
"AdminDEP - Módulo Laboratórios","Registro de Software","CENTRO DE CIÊNCIAS EXATAS E TECNOLOGIA","Ciências Exatas e da Terra","Sistemas de Informação"
"CONFIGURAÇÃO APLICADA A  SONDA ANALISADORA DE QUALIDADE DO AR INTERGRANULAR DE SILO  BOLSA","Desenho Industrial","CENTRO DE CIÊNCIAS AGRÁRIAS APLICADAS","Ciências Agrárias","Armazenamento de Produtos Agrícolas"
"quizez v1.0.0","Registro de Software","CENTRO DE CIÊNCIAS EXATAS E TECNOLOGIA","Ciências Exatas e da Terra","Sistemas de Informação"
"quizez","Marca","CENTRO DE CIÊNCIAS EXATAS E TECNOLOGIA","Ciências Exatas e da Terra","Sistemas de Informação"
"Indicação Geográfica - Informes","Registro de Software","CENTRO DE CIÊNCIAS AGRÁRIAS APLICADAS","Ciências Sociais Aplicadas","Economia Regional"
"MÉTODO DE OBTENÇÃO DE HIDROMEL DE PITAYA E MARACUJÁ OU MELOMEL DE PITAYA E MARACUJÁ OU VINHO DE MEL, PITAYA E MARACUJÁ E PRODUTO OBTIDO","Patente","CENTRO DE CIÊNCIAS EXATAS E TECNOLOGIA","Ciências Agrárias","Tecnologia das Bebidas"
"INSTSAW","Registro de Software","CENTRO DE CIÊNCIAS EXATAS E TECNOLOGIA","Engenharias","Engenharia Elétrica"
"NKW","Registro de Software","CENTRO DE CIÊNCIAS EXATAS E TECNOLOGIA","Ciências Exatas e da Terra","Sistemas de Informação"
"CONFIGURAÇÃO APLICADA A DETERMINADOR DE  TEOR DE ÁGUA E MASSA ESPECÍFICA APARENTE DOS GRÃOS","Desenho Industrial","CENTRO DE CIÊNCIAS AGRÁRIAS APLICADAS","Ciências Agrárias","Armazenamento de Produtos Agrícolas"
"Classiki","Registro de Software","CENTRO DE CIÊNCIAS EXATAS E TECNOLOGIA","Ciências Exatas e da Terra","Sistemas de Informação"
"MinhaAju","Marca","CENTRO DE CIÊNCIAS EXATAS E TECNOLOGIA","Ciências Exatas e da Terra","Sistemas de Informação"
"MinhaAju","Registro de Software","CENTRO DE CIÊNCIAS EXATAS E TECNOLOGIA","Ciências Exatas e da Terra","Sistemas de Informação"
"ME DEIXE","Marca","CAMPUS DO SERTÃO","Ciências Exatas e da Terra","Software Básico"
"OBTENÇÃO DE BIOSSURFACTANTE POR MEIO DE RESÍDUO DE GIRASSOL PRÉ-TRATADO","Patente","CENTRO DE CIÊNCIAS EXATAS E TECNOLOGIA","Engenharias","Engenharia Química"
"Configuração aplicada a sistema embarcado para  monitoramento remoto de índices de conforto térmico","Desenho Industrial","CENTRO DE CIÊNCIAS AGRÁRIAS APLICADAS","Ciências Agrárias","Engenharia de Construções Rurais"
"Diálogos de Política Exterior (DPEx)","Marca","CENTRO DE CIENCIAS SOCIAIS APLICADAS","Ciências Humanas","Política Externa do Brasil"
"SISTEMA EMBARCADO DE BAIXO CUSTO PARA MONITORAMENTO REMOTO DE ÍNDICES DE CONFORTO TÉRMICO EQUIPADO COM GLOBO NEGRO FEITO EM IMPRESSÃO 3D","Modelo de Utilidade","CENTRO DE CIÊNCIAS AGRÁRIAS APLICADAS","Ciências Agrárias","Engenharia de Construções Rurais"
"MILICAPSULAS DE HIDROGEL DE KEFIR, PRODUZIDAS PELO PROCESSO DE  GELIFICAÇÃO IÔNICA","Patente","CENTRO DE CIÊNCIAS EXATAS E TECNOLOGIA","Ciências Agrárias","Tecnologia de Produtos de Origem Animal"
"BONECO BETINHO: AJUDANDO A CUIDAR DA DIABETES!","Registro de Software","CENTRO DE CIÊNCIAS BIOLÓGICAS E DA SAÚDE","Ciências Exatas e da Terra","Arquitetura de Sistemas de Computação"
"GruMEC","Marca","CENTRO DE CIÊNCIAS AGRÁRIAS APLICADAS","Ciências Agrárias","Máquinas e Implementos Agrícolas"
"LAMOT","Marca","CENTRO DE CIÊNCIAS AGRÁRIAS APLICADAS","Ciências Agrárias","Máquinas e Implementos Agrícolas"
"GMAQ","Marca","CENTRO DE CIÊNCIAS AGRÁRIAS APLICADAS","Ciências Agrárias","Máquinas e Implementos Agrícolas"
"GEMAIA","Marca","CENTRO DE CIÊNCIAS AGRÁRIAS APLICADAS","Ciências Agrárias","Máquinas e Implementos Agrícolas"
"DESENVOLVIMENTO E VALIDACAO DE UM SISTEMAEMBARCADO PARA DETERMINACAO DE INDICES DE CONFORTOTERMICO DE BAIXO-CUSTO","Marca","CENTRO DE CIÊNCIAS AGRÁRIAS APLICADAS","Ciências Agrárias","Engenharia de Construções Rurais"
"CONF TERM","Marca","CENTRO DE CIÊNCIAS AGRÁRIAS APLICADAS","Ciências Agrárias","Engenharia de Construções Rurais"
"Produção biotecnológica de ilangeno pelo uso de sementes de abóbora como substrato para o cultivo submerso de Tyromyces floriformis.","Patente","CENTRO DE CIÊNCIAS EXATAS E TECNOLOGIA","Ciências Agrárias","Química, Física, Fisico-Química e Bioquímica dos Alim. e das Mat-Primas Alimentares"
"QUEIJO TIPO PETIT-SUISSE PROBIÓTICO COM USO DA POLPA DE  SERIGUELA (Spondias purpurea L.)","Patente","CENTRO DE CIÊNCIAS EXATAS E TECNOLOGIA","Ciências Agrárias","Tecnologia de Produtos de Origem Animal"
"MICROENCAPSULAÇÃO DE SUCO DE LARANJA (Citrus sinensis) E COLÁGENO HIDROLISADO POR GELIFICAÇÃO IÔNICA","Patente","CENTRO DE CIÊNCIAS EXATAS E TECNOLOGIA","Ciências Agrárias","Tecnologia de Produtos de Origem Vegetal"
"Método de obtenção de hidromel de jenipapo ou melomel de jenipapo ou vinho de mel e jenipapo e produto obtido","Patente","CENTRO DE CIÊNCIAS EXATAS E TECNOLOGIA","Ciências Agrárias","Ciência e Tecnologia de Alimentos"
"Avalcheck","Marca","CENTRO DE CIÊNCIAS EXATAS E TECNOLOGIA","Outra","Tecnologia e Inovação"
"TUBETE BIODEGRADÁVEL DE MATERIAL BIOCOMPÓSITO DE MATRIZ TERMOPLÁSTICA DE POLIETILENO DE ALTA DENSIDADE E FASE DISPERSA DE MICROPARTÍCULAS DE CASCA DE ARROZ E OXIBIODEGRADANTE ORGÂNICO","Patente","CENTRO DE CIÊNCIAS EXATAS E TECNOLOGIA","Engenharias","Polímeros, Aplicações"
"AdminDEP - Módulo de Estágios","Registro de Software","CENTRO DE CIÊNCIAS EXATAS E TECNOLOGIA","Ciências Exatas e da Terra","Software Básico"
"Propagsom 2.0","Registro de Software","CENTRO DE CIÊNCIAS EXATAS E TECNOLOGIA","Engenharias","Controle da Poluição"
"RADDAR","Registro de Software","CENTRO DE CIÊNCIAS EXATAS E TECNOLOGIA","Ciências Exatas e da Terra","Ciência da Computação"
"VIGOREASY","Marca","CENTRO DE CIÊNCIAS BIOLÓGICAS E DA SAÚDE","Ciências da Saúde","Medicina Preventiva"
"VOICECARBO: APP DE CONTAGEM DE CARBOIDRATOS POR VOZ","Registro de Software","CENTRO DE CIÊNCIAS BIOLÓGICAS E DA SAÚDE","Ciências da Saúde","Farmácia"
"Trilhou","Registro de Software","CENTRO DE CIENCIAS SOCIAIS APLICADAS","Ciências Sociais Aplicadas","Biblioteconomia"
"BIOPRODUTOS A BASE DE Citrus, MÉTODO DE OBTENÇÃO E USO COMO ESTRATÉGIA TERAPEUTICA PARA O CONTROLE DE DISLIPIDEMIA","Patente","CENTRO DE CIÊNCIAS BIOLÓGICAS E DA SAÚDE","Ciências da Saúde","Nutrição"
"FILME DE PARTÍCULAS À BASE DE HIDRÓXIDO DE CÁLCIO PARA APLICAÇÃO FOLIAR, VISANDO A PROTEÇÃO DE PLANTAS","Patente","CENTRO DE CIÊNCIAS AGRÁRIAS APLICADAS","Ciências Agrárias","Fisiologia de Plantas Cultivadas"
"IntegRAS","Registro de Software","CENTRO DE CIÊNCIAS BIOLÓGICAS E DA SAÚDE","Ciências da Saúde","Saúde Pública"
"Aplicação da escória de forno elétrico a arco como pigmento em vidrados para placas cerâmicas de revestimento","Patente","CENTRO DE CIÊNCIAS EXATAS E TECNOLOGIA","Engenharias","Cerâmicos"
"COMPOSIÇÕES FARMACÊUTICAS CONTENDO SISTEMA MICELAR PARA TRATAMENTO DAS LEISHMANIOSES, OBTENÇÃO E USO","Patente","CENTRO DE CIÊNCIAS BIOLÓGICAS E DA SAÚDE","Ciências Biológicas","Protozoologia Parasitária Humana"
"Registro de marca do CENTRO DE COLEÇÕES BIOLÓGICAS DA UFS - CCB/UFS","Marca","CENTRO DE CIÊNCIAS BIOLÓGICAS E DA SAÚDE","Ciências Biológicas","Biologia Geral"
"Registro da marca da COLEÇÃO DE CULTURA DE MICRO-ORGANISMOS DE SERGIPE - CCMO/SE","Marca","CENTRO DE CIÊNCIAS BIOLÓGICAS E DA SAÚDE","Ciências Biológicas","Microbiologia Aplicada"
"Registro da marca do Laboratório de Microbiologia Aplicada - LMA","Marca","CENTRO DE CIÊNCIAS BIOLÓGICAS E DA SAÚDE","Ciências Biológicas","Microbiologia Aplicada"
"Marca da COMISSÃO INTERNA DE BIOSSEGURANÇA DA UFS  CiBIO/UFS.","Marca","CENTRO DE CIÊNCIAS BIOLÓGICAS E DA SAÚDE","Ciências Biológicas","Microbiologia Industrial e de Fermentação"
"PICS- PROGRAMA DE INDUÇÃO A CRIAÇÃO DE STARTUPS","Marca","CENTRO DE CIÊNCIAS EXATAS E TECNOLOGIA","Outra","Tecnologia e Inovação"
"FILMES ATIVOS BIODEGRADÁVEIS A BASE DE QUITOSANA INCORPORADOS COM EXTRATO DE JATOBÁ E MÉTODO DE PRODUÇÃO","Patente","CENTRO DE CIÊNCIAS EXATAS E TECNOLOGIA","Ciências Agrárias","Ciência e Tecnologia de Alimentos"
"MILICÁPSULAS DE HIDROGEL E COLÁGENO EXTRAÍDO DA MEMBRANA DA CASCA DO  OVO DE AVES, PRODUZIDAS PELO PROCESSO DE GELIFICAÇÃO IÔNICA","Patente","CENTRO DE CIÊNCIAS AGRÁRIAS APLICADAS","Ciências Agrárias","Tecnologia de Produtos de Origem Animal"
"Vidrados com formulação constituída de pó de exaustão do alto forno e pasta serigráfica para aplicação em placas cerâmicas de revestimento","Patente","CENTRO DE CIÊNCIAS EXATAS E TECNOLOGIA","Engenharias","Cerâmicos"
"MICRONEWS- App para cuidado em microcefalia","Registro de Software","CENTRO DE CIÊNCIAS BIOLÓGICAS E DA SAÚDE","Ciências da Saúde","Análise Toxicológica"
"NANOCÁPSULAS POLIMÉRICAS DE NÚCLEO LIPÍDICO CONTENDO &#945;-TERPINEOL, MÉTODO DE OBTENÇÃO E FORMA DE USO COMO ESTRATÉGIA TERAPÊUTICA PARA A DOR","Patente","CENTRO DE CIÊNCIAS BIOLÓGICAS E DA SAÚDE","Ciências da Saúde","Farmácia"
"Invenção","Patente","CENTRO DE CIÊNCIAS BIOLÓGICAS E DA SAÚDE","Ciências da Saúde","Fisioterapia e Terapia Ocupacional"
"MILICAPSULAS DE HIDROGEL COM EXTRATO DA FLOR CLITÓRIA TERNÁTEA L. AZUL PELO  PROCESSO DE GELIFICAÇÃO IÔNICA","Patente","CENTRO DE CIÊNCIAS EXATAS E TECNOLOGIA","Ciências Agrárias","Tecnologia de Produtos de Origem Vegetal"
"PROCESSO DE PRODUÇÃO DE NANOPARTÍCULAS DE MAGNETITA DOPADA COM MANGANÊS USANDO SEIVA DE BROSIMUM PARINARIODIDES DUCKE COMO AGENTE QUELANTE E SEU POTENCIAL PARA FOTOCATÁLISE","Patente","CENTRO DE CIÊNCIAS EXATAS E TECNOLOGIA","Ciências Exatas e da Terra","Física da Matéria Condensada"
"AVALchek","Registro de Software","CENTRO DE CIÊNCIAS EXATAS E TECNOLOGIA","Ciências Exatas e da Terra","Software Básico"
"PERFILÓGRAFO DE ALTO RENDIMENTO PARA AVALIAR PERFIL LONGITUDINAL DE SUPERFÍCIES TRAFEGÁVEIS","Patente","CENTRO DE CIÊNCIAS EXATAS E TECNOLOGIA","Engenharias","Pavimentos"
"Agrupe","Registro de Software","CENTRO DE CIÊNCIAS BIOLÓGICAS E DA SAÚDE","Ciências da Saúde","Farmácia"
"Fantoma de mama para uso em ultrassom","Patente","CAMPUS DO SERTÃO","Ciências Exatas e da Terra","Propriedades Mecânicas e Acústicas da Matéria Condensada"
"MentoriApp","Registro de Software","CENTRO DE CIÊNCIAS EXATAS E TECNOLOGIA","Ciências Exatas e da Terra","Ciência da Computação"
"csv2grade v1","Registro de Software","CENTRO DE CIÊNCIAS EXATAS E TECNOLOGIA","Ciências Exatas e da Terra","Sistemas de Informação"
"Produto para soluções de lentes de contato para prevenção de ceratite amebiana","Patente","CENTRO DE CIÊNCIAS BIOLÓGICAS E DA SAÚDE","Ciências da Saúde","Farmacotecnia"
"SEPATENT","Registro de Software","CENTRO DE CIÊNCIAS EXATAS E TECNOLOGIA","Ciências Exatas e da Terra","Análise de Dados"
"Co.nnect","Marca","CENTRO DE CIENCIAS SOCIAIS APLICADAS","Ciências Sociais Aplicadas","Administração de Recursos Humanos"
"SÍNTESE DE NANO HÍBRIDO MAGNÉTICO À BASE DE GRAFENO, FERRITA E ÁGUA COM ELEVADO TEOR DE MATÉRIA ORGÂNICA NATURAL","Patente","CENTRO DE CIÊNCIAS EXATAS E TECNOLOGIA","Ciências Exatas e da Terra","Análise de Traços e Química Ambiental"
"SEQUESTRANTES À BASE DE UREIA, GLICOSILUREIA E FORMULAÇÕES PARA DESSULFURIZAÇÃO DE PETRÓLEO E DERIVADOS","Patente","CENTRO DE CIÊNCIAS EXATAS E TECNOLOGIA","Ciências Exatas e da Terra","Química Analítica"
"BYS  By Your Side","Registro de Software","CENTRO DE CIÊNCIAS BIOLÓGICAS E DA SAÚDE","Ciências da Saúde","Saúde Pública"
"Plataforma Instável Compacta para Avaliação da Estabilidade do Tronco","Patente","CENTRO DE CIÊNCIAS EXATAS E TECNOLOGIA","Engenharias","Engenharia Elétrica"
"Visavi","Marca","CENTRO DE CIÊNCIAS EXATAS E TECNOLOGIA","Ciências Exatas e da Terra","Ciência da Computação"
"FENOLCALC","Registro de Software","CENTRO DE CIÊNCIAS BIOLÓGICAS E DA SAÚDE","Ciências da Saúde","Nutrição"
"MANDACARU - Sistema para suporte à avaliação do consumo alimentar e cálculo de receitas","Registro de Software","CENTRO DE CIÊNCIAS BIOLÓGICAS E DA SAÚDE","Ciências da Saúde","Análise Nutricional de População"
"DISPOSITIVO ABSORVEDOR DE EXSUDADO PARA PRODUTOS  ALIMENTÍCIOS","Patente","CENTRO DE CIÊNCIAS EXATAS E TECNOLOGIA","Ciências Agrárias","Embalagens de Produtos Alimentares"
"FORMULAÇÃO ESTABILIZADA POR TENSOATIVO COMO VEÍCULO PARA O TORSYL INDOL PARA O CONTROLE LARVICIDA DO AEDES AEGYPTI","Patente","CENTRO DE CIÊNCIAS BIOLÓGICAS E DA SAÚDE","Ciências da Saúde","Análise e Controle de Medicamentos"
"NatureSpe","Registro de Software","COLÉGIO DE APLICAÇÃO","Outra","Ciências Ambientais"
"X9","Marca","CENTRO DE CIÊNCIAS EXATAS E TECNOLOGIA","Ciências Exatas e da Terra","Lógicas e Semântica de Programas"
"ArchMERA","Marca","CENTRO DE CIÊNCIAS EXATAS E TECNOLOGIA","Ciências Exatas e da Terra","Hardware"
"Registro Marca DiaVision","Marca","CENTRO DE CIÊNCIAS EXATAS E TECNOLOGIA","Ciências Exatas e da Terra","Teleinformática"
"Vitrine do Empreendedor","Marca","CENTRO DE EDUCAÇÃO E CIÊNCIAS HUMANAS","Ciências Sociais Aplicadas","Relações Públicas e Propaganda"
"Hidrogel termorreversível contendo carvacrol com ação antileishmania","Patente","CENTRO DE CIÊNCIAS BIOLÓGICAS E DA SAÚDE","Ciências da Saúde","Farmacotecnia"
"DENSITÔMETRO ÓPTICO DE TRANSMISSÃO","Patente","CENTRO DE CIÊNCIAS EXATAS E TECNOLOGIA","Ciências Exatas e da Terra","Prop. Óticas e Espectrosc. da Mat. Condens; Outras Inter. da Mat. com Rad. e Part."
"Amamenta-SE","Marca","CENTRO DE CIÊNCIAS BIOLÓGICAS E DA SAÚDE","Ciências da Saúde","Enfermagem Obstétrica"
"ACADM - PROTOCOLO ON-LINE DE AVALIAÇÃO NEUROFUNCIONAL PARA COMUNICAÇÃO ALTERNATIVA E AMPLIADA","Registro de Software","CENTRO DE CIÊNCIAS BIOLÓGICAS E DA SAÚDE","Ciências da Saúde","Fonoaudiologia"
"Sistema de Apoio à Dispensação Farmacêutica para Sintomas Menores (SADFSM)","Registro de Software","CENTRO DE CIÊNCIAS EXATAS E TECNOLOGIA","Ciências da Saúde","Farmácia"
"APP DIABETES(Sistema de apoio à decisão para DM2)","Registro de Software","CENTRO DE CIÊNCIAS BIOLÓGICAS E DA SAÚDE","Ciências da Saúde","Enfermagem de Saúde Pública"
"APP HIPERTENSÃO (Sistema de apoio à decisão para hipertensão arterial sistêmica)","Registro de Software","CENTRO DE CIÊNCIAS BIOLÓGICAS E DA SAÚDE","Ciências da Saúde","Enfermagem de Saúde Pública"
"ludii.co","Marca","CENTRO DE CIÊNCIAS EXATAS E TECNOLOGIA","Ciências Exatas e da Terra","Ciência da Computação"
"SCAFFOLD MAGNÉTICO QUITOSANA-HIDROXIAPATITA-MANGANITA DE LANTÂNIO PARA TERAPIA DE PERDAS ÓSSEAS","Patente","CENTRO DE CIÊNCIAS EXATAS E TECNOLOGIA","Engenharias","Cerâmicos"
"Poxim","Marca","CENTRO DE CIÊNCIAS EXATAS E TECNOLOGIA","Ciências Exatas e da Terra","Arquitetura de Sistemas de Computação"
"Marca Spirandi","Marca","CENTRO DE CIÊNCIAS EXATAS E TECNOLOGIA","Engenharias","Engenharia Elétrica"
"CREME DE QUEIJO COALHO COM MICROCÁPSULAS DE TOMATE E PROBIÓTICOS","Patente","CENTRO DE CIÊNCIAS AGRÁRIAS APLICADAS","Ciências Agrárias","Tecnologia de Produtos de Origem Animal"
"DISPOSITIVO DE COLETA DE ENERGIA EM LINHAS DE ALTA TENSÃO COM SISTEMA OPTOELETRÔNICO DE CONVERSÃO DE ENERGIA","Patente","CENTRO DE CIÊNCIAS EXATAS E TECNOLOGIA","Engenharias","Transmissão da Energia Elétrica, Distribuição da Energia Elétrica"
"Suplemento alimentar de pólen fermentado e seu processo de obtenção","Patente","CENTRO DE CIÊNCIAS BIOLÓGICAS E DA SAÚDE","Ciências Biológicas","Genética Molecular e de Microorganismos"
"PoximSim","Registro de Software","CENTRO DE CIÊNCIAS EXATAS E TECNOLOGIA","Ciências Exatas e da Terra","Arquitetura de Sistemas de Computação"
"APRENDANATUR","Marca","CENTRO DE EDUCAÇÃO E CIÊNCIAS HUMANAS","Outra","Ciências Ambientais"
"Dispositivo de desligamento multifásico de rede de distribuição acionado pela ejeção de cartucho em chaves fusíveis","Patente","CENTRO DE CIÊNCIAS EXATAS E TECNOLOGIA","Engenharias","Transmissão da Energia Elétrica, Distribuição da Energia Elétrica"
"RODO UVC PARA DESINFECÇÃO DE SUPERFÍCIES","Patente","CENTRO DE CIÊNCIAS EXATAS E TECNOLOGIA","Ciências Exatas e da Terra","Prop. Óticas e Espectrosc. da Mat. Condens; Outras Inter. da Mat. com Rad. e Part."
"VIDRO DE ÓXIDO DE BORO DOPADO COM NITRATO DE PRATA PARA USO EM DOSIMETRIA OSL","Patente","CENTRO DE CIÊNCIAS EXATAS E TECNOLOGIA","Ciências Exatas e da Terra","Prop. Óticas e Espectrosc. da Mat. Condens; Outras Inter. da Mat. com Rad. e Part."
"SOLUÇÃO E PROCESSO PARA CONSERVAÇÃO DE SEMENTES RECALCITRANTES","Patente","CENTRO DE CIÊNCIAS AGRÁRIAS APLICADAS","Ciências Agrárias","Produção e Beneficiamento de Sementes"
"MonitoraSUS - Sistema Nacional de Acompanhamento de Doenças Infectocontagiosas","Registro de Software","CAMPUS PROFESSOR ALBERTO CARVALHO","Ciências da Saúde","Epidemiologia"
"FILMES BIODEGRADÁVEIS ANTIOXIDANTES E ANTIMICROBIANOS INCORPORADOS COM EXTRATO DA CASCA DO JAMELÃO","Patente","CENTRO DE CIÊNCIAS EXATAS E TECNOLOGIA","Ciências Agrárias","Embalagens de Produtos Alimentares"
"Biscoito amanteigado enriquecido com corante de jenipapo","Patente","CENTRO DE CIÊNCIAS EXATAS E TECNOLOGIA","Ciências Agrárias","Ciência e Tecnologia de Alimentos"
"Cerveja artesanal com adição de farinha de banana","Patente","CENTRO DE CIÊNCIAS EXATAS E TECNOLOGIA","Ciências Agrárias","Ciência e Tecnologia de Alimentos"
"FORMULAÇÃO COSMÉTICA NANOSERUM PARA CLAREAMENTO DA PELE","Patente","CENTRO DE CIÊNCIAS BIOLÓGICAS E DA SAÚDE","Ciências da Saúde","Farmacotecnia"
"Clio","Registro de Software","CENTRO DE CIÊNCIAS EXATAS E TECNOLOGIA","Ciências Exatas e da Terra","Teleinformática"
"Sistema para Ventilação Não Invasiva Baseado em Máscara Facial","Modelo de Utilidade","CENTRO DE CIÊNCIAS EXATAS E TECNOLOGIA","Engenharias","Engenharia Elétrica"
"Q-Avalia","Registro de Software","CENTRO DE EDUCAÇÃO E CIÊNCIAS HUMANAS","Ciências Sociais Aplicadas","Organização Editorial de Jornais"
"REDE COLABORATIVA DE TURISMO CRIATIVO","Marca","CENTRO DE CIENCIAS SOCIAIS APLICADAS","Ciências Sociais Aplicadas","Turismo"
"AMBIENTAL TOUR","Marca","CENTRO DE CIENCIAS SOCIAIS APLICADAS","Ciências Sociais Aplicadas","Turismo"
"Softweezer 1.0","Registro de Software","CENTRO DE CIÊNCIAS EXATAS E TECNOLOGIA","Engenharias","Engenharia Elétrica"
"Bebida láctea fermentada com propriedades antioxidantes sabor jabuticaba (Myrciaria spp), tendo o soro do leite substituído totalmente pelo leitelho.","Patente","CENTRO DE CIÊNCIAS EXATAS E TECNOLOGIA","Engenharias","Processos Bioquímicos"
"MIOCAA","Registro de Software","CENTRO DE CIÊNCIAS BIOLÓGICAS E DA SAÚDE","Ciências da Saúde","Fonoaudiologia"
"PROCESSO DE OBTENÇÃO DE UM CORANTE AZUL NATURAL DE FLORES DE CLITÓRIA TERNÁTEA L. AZUL","Patente","CENTRO DE CIÊNCIAS EXATAS E TECNOLOGIA","Ciências Agrárias","Tecnologia de Produtos de Origem Vegetal"
"USO DE RESÍDUO DE ABACAXI COMO FONTE ALTERNATIVA DE POTÁSSIO EM PROCESSO DE OBTENÇÃO DE BIOSSURFACTANTES","Patente","CENTRO DE CIÊNCIAS EXATAS E TECNOLOGIA","Engenharias","Engenharia Química"
"PRÉ-TRATAMENTO DE BIOMASSAS PELO MÉTODO ORGANOSOLV COM GLICEROL E FeCl3 PARA OBTENÇÃO DE AÇÚCARES REDUTORES E LIGNINA","Patente","CENTRO DE CIÊNCIAS EXATAS E TECNOLOGIA","Ciências Exatas e da Terra","Análise de Traços e Química Ambiental"
"BYS - By Your Side","Marca","CENTRO DE CIÊNCIAS EXATAS E TECNOLOGIA","Engenharias","Engenharia de Produção"
"Pasta de coco enriquecida com farinha de chia","Patente","CENTRO DE CIÊNCIAS EXATAS E TECNOLOGIA","Ciências Agrárias","Tecnologia de Produtos de Origem Vegetal"
"Açúcar de resíduo de pólen apícola e processo de obtenção","Patente","CENTRO DE CIÊNCIAS BIOLÓGICAS E DA SAÚDE","Ciências Biológicas","Genética Vegetal"
"MEMBRANA DE VIDRO BIOATIVO / PVA PARA REPARO TECIDUAL","Patente","CENTRO DE CIÊNCIAS EXATAS E TECNOLOGIA","Engenharias","Cerâmicos"
"Fórceps calibrado para algometria de pressão","Modelo de Utilidade","CENTRO DE CIÊNCIAS EXATAS E TECNOLOGIA","Engenharias","Engenharia Elétrica"
"Madeiras comerciais do Brasil: Guia para identificação por caracteres gerais e macroscópicos","Registro de Software","CENTRO DE CIÊNCIAS BIOLÓGICAS E DA SAÚDE","Ciências Biológicas","Botânica"
"PROCESSO DE PRODUÇÃO DE ÂNODOS DE ÓXIDOS METÁLICOS SINTETIZADOS UTILIZANDO AQUECIMENTO A LASER","Patente","CENTRO DE CIÊNCIAS EXATAS E TECNOLOGIA","Ciências Exatas e da Terra","Física da Matéria Condensada"
"SIUR","Registro de Software","CENTRO DE CIÊNCIAS EXATAS E TECNOLOGIA","Ciências da Saúde","Fisioterapia e Terapia Ocupacional"
"JudApp","Registro de Software","CENTRO DE CIÊNCIAS EXATAS E TECNOLOGIA","Ciências Exatas e da Terra","Ciência da Computação"
"Descovid-SE","Registro de Software","CENTRO DE EDUCAÇÃO E CIÊNCIAS HUMANAS","Lingüística, Letras e Artes","Lingüística Aplicada"
"Compósitos de subprodutos da agroindústria com aglutinantes naturais","Patente","CENTRO DE CIÊNCIAS AGRÁRIAS APLICADAS","Ciências Agrárias","Microbiologia Agrícola"
"SEpatent","Marca","CENTRO DE CIÊNCIAS EXATAS E TECNOLOGIA","Engenharias","Desenvolvimento de Produto"
"EXTRATOS ENRIQUECIDOS DE COMPOSTOS FENÓLICOS TOTAIS E FLAVONOIDES OBTIDOS A PARTIR DA CASCA E MISTURA DE CASCA E SEMENTES DE NONI (Morinda citrifolia L.) SUBMETIDAS À PROCESSO FERMENTATIVO","Patente","CENTRO DE CIÊNCIAS EXATAS E TECNOLOGIA","Ciências Agrárias","Aproveitamento de Subprodutos"
"COMPLEXO DE INCLUSÃO CONTENDO MONOTERPENO E HIDROXIPROPIL-&#946;-CICLODEXTRINA, MÉTODO DE OBTENÇÃO E ATIVIDADE CARDIOVASCULAR","Patente","CENTRO DE CIÊNCIAS BIOLÓGICAS E DA SAÚDE","Ciências Biológicas","Farmacologia Geral"
"POTENCIAL BIOATIVO DE EXTRATOS DA CASCA DO FRUTO DO MANDACARU (Cereus jamacaru D.C)","Patente","CENTRO DE CIÊNCIAS EXATAS E TECNOLOGIA","Ciências Agrárias","Ciência de Alimentos"
"HU Kids","Registro de Software","CENTRO DE CIÊNCIAS EXATAS E TECNOLOGIA","Ciências Exatas e da Terra","Teleinformática"
"MATERIAL GRANULAR CIMENTADO COM ADIÇÃO DE FIBRAS, NATURAIS OU SINTÉTICAS, PARA USO NA PAVIMENTAÇÃO","Modelo de Utilidade","CENTRO DE CIÊNCIAS EXATAS E TECNOLOGIA","Engenharias","Pavimentos"
"Risco de dor lombar","Registro de Software","CENTRO DE CIÊNCIAS EXATAS E TECNOLOGIA","Engenharias","Ergonomia"
